{
    "zero_optimization": {
        "stage": 3,
        "offload_optimizer": {
            "device": "cpu",
            "pin_memory": true
        },
        "offload_param": {
            "device": "cpu",
            "pin_memory": true
        },
        "overlap_comm": true,
        "contiguous_gradients": true,
        "sub_group_size": 0,
        "reduce_bucket_size": "auto",
        "stage3_prefetch_bucket_size": "auto",
        "stage3_param_persistence_threshold": "auto",
        "stage3_max_live_parameters": 0,
        "stage3_max_reuse_distance": 0,
        "stage3_gather_16bit_weights_on_model_save": true
    },
    "fp16": {
        "enabled": false,
        "auto_cast": false,
        "loss_scale": 0,
        "initial_scale_power": 32,
        "loss_scale_window": 2000,
        "hysteresis": 2,
        "min_loss_scale": 1
    },
    "optimizer": {
        "type": "AdamW",
        "params": {
          "lr": "auto",
          "betas": [
            0.9,
            0.999
          ],
          "eps": 1e-8,
          "weight_decay": 0
        }
    },
    "scheduler": {
        "type": "OneCycle",
        "params": {
            "cycle_min_lr": 0,
            "cycle_max_lr": 5e-5,
            "cycle_first_step_size": 500,
            "cycle_second_step_size": 8000
        }
    },
    "gradient_accumulation_steps": "auto",
    "train_batch_size": "auto",
    "train_micro_batch_size_per_gpu": "auto",
    "wall_clock_breakdown": false
}